https://www.daraz.com.np/smartphones/?page=,30, smartphones
https://www.daraz.com.np/tablets/?page=,2 ,tablets
https://www.daraz.com.np/laptops/?page=,8 ,laptops
https://www.daraz.com.np/desktop-computer/?page=,5,Desktops
https://www.daraz.com.np/gaming-consoles/?page=, 25  ,gamingconsoles
https://www.daraz.com.np/camera/?page=,102 ,camera
https://www.daraz.com.np/multi-function-printers/?page=, 8,printers
https://www.daraz.com.np/mobiles-tablets-accessories/?page=,102, mobile accessories
https://www.daraz.com.np/audio/?page=,102, audio
https://www.daraz.com.np/wearable-technology/?page=,82 ,wearable
https://www.daraz.com.np/gaming-accessories/?page=,15 ,console accessories
https://www.daraz.com.np/camera-accessories/?page=,102 , camera accessories
https://www.daraz.com.np/computing-peripherals-accessories/?page=,102 ,computer accessories
https://www.daraz.com.np/computing-storage/?page=,44, storage
https://www.daraz.com.np/components-spare-parts/?page=,21 ,computer component
https://www.daraz.com.np/networking/?page=,35 ,network component
https://www.daraz.com.np/multi-function-printers/?page=,11 ,printer
https://www.daraz.com.np/televisions/?page=,19 ,Televisions
https://www.daraz.com.np/tv-accessories/?page=,37 ,TV Accessories
https://www.daraz.com.np/consumer-electronics/?page=,102 ,Audio and Video Devices
https://www.daraz.com.np/cooking-appliances/?page=,102  , Large Appliances
https://www.daraz.com.np/small-kitchen-appliances/?page=,102 , Small Kitchen Appliances
https://www.daraz.com.np/cooling-heating/?page=,102  ,Cooling and Heating
https://www.daraz.com.np/floorcare-appliances/?page=,19,Vacuums and Floor Care
https://www.daraz.com.np/laundry-cleaning/?page=,101 ,Iron and Garment Care
https://www.daraz.com.np/bath-body/?page=,91  ,Bath and Body
https://www.daraz.com.np/health-beauty-tools/?page=,102 ,Beauty Tools
https://www.daraz.com.np/fragrances/?page=, 52 ,Fragrances
https://www.daraz.com.np/hair-care/?page=,102 ,Hair Care
https://www.daraz.com.np/womens-make-up/?page=,102 ,Makeup
https://www.daraz.com.np/mens-grooming/?page=,75, Mens Care
https://www.daraz.com.np/personal-care/?page=,51 ,Personal Care
https://www.daraz.com.np/skincare/?page=,102 ,Skin Care
https://www.daraz.com.np/health-supplements/?page=,72 ,Food Supplements
https://www.daraz.com.np/health-care/?page=,86 ,Medical Supplies
https://www.daraz.com.np/baby-diapers/?page=,10,  Disposable Diapers
https://www.daraz.com.np/baby-gear/?page=,23 ,Baby Gear
https://www.daraz.com.np/baby-personal-care/?page=,21, Baby Personal Care
https://www.daraz.com.np/baby-clothings-accessories/?page=,102 ,Clothing andAccessories
https://www.daraz.com.np/baby-toddler-diapers-potties/?page=,34 ,Diapering and Potty
https://www.daraz.com.np/feeding/?page=,46 ,Feeding
https://www.daraz.com.np/baby-toddler-nursery/?page=,34, Nursery
https://www.daraz.com.np/baby-toddler-toys-games/?page=,40 ,Baby and Toddler Toys
https://www.daraz.com.np/toys-games/?page=,102 ,Toys and Games
https://www.daraz.com.np/remote-control-toys-and-play-vehicles/?page=,56, Remote Control and Vehicles
https://www.daraz.com.np/sports-and-outdoor-play/?page=,48, Sports and Outdoor Play
https://www.daraz.com.np/pacifiers-and-accessories/?page=,8, Pacifiers and Accessories
https://www.daraz.com.np/beverages/?page=,47, Beverages
https://www.daraz.com.np/breakfast/?page=,16, Breakfast Choco and Snacks
https://www.daraz.com.np/canned-packaged-foods/?page=,47 ,Food Staples
https://www.daraz.com.np/groceries-baking-cooking-cooking-ingredients/?page=,58 ,Cooking Ingredients
https://www.daraz.com.np/laundry-and-home-care/?page=,36 ,Laundry and Household
https://www.daraz.com.np/wines-beers-spirits/?page=,36 ,Wines Beers and Spirits
https://www.daraz.com.np/pet-supplies-shop/?page=,102 ,Pet Supplies
https://www.daraz.com.np/bath/?page=,58 , Bath
https://www.daraz.com.np/bedding/?page=,89 ,Bedding
https://www.daraz.com.np/home-decoration/?page=,102, Decor 
https://www.daraz.com.np/furniture/?page=,89, Furniture
https://www.daraz.com.np/kitchen-dining/?page=,102, Kitchen and Dining
https://www.daraz.com.np/lighting/?page=,102 ,Lighting
https://www.daraz.com.np/laundry-cleaning/?page=,102, Laundry and Cleaning
https://www.daraz.com.np/home-improvement-tools/?page=,102, Tools DIY and Outdoor
https://www.daraz.com.np/stationery-craft/?page=,102 ,Stationery & Craft
https://www.daraz.com.np/books-games-music/?page=,102, Media Music and Books
https://www.daraz.com.np/musical-instruments/?page=,102 ,Musical Instruments
https://www.daraz.com.np/digital-goods/?page=,91 Digital Goods
https://www.daraz.com.np/womens-clothing/?page=,102 , Clothing
https://www.daraz.com.np/womens-traditional-clothing/?page=,102, Traditional Clothing
https://www.daraz.com.np/womens-bags/?page=,102, Womens Bags
https://www.daraz.com.np/womens-shoes/?page=,102, Shoes
https://www.daraz.com.np/womens-accessories/?page=,102, Accessories
https://www.daraz.com.np/womens-lingerie-sleepwear/?page=,102 ,Lingerie Sleep and Lounge
https://www.daraz.com.np/baby-girls-clothing/?page=,48   , Girls Clothing
https://www.daraz.com.np/girls-shoes/?page=,8   , Girls Shoes
https://www.daraz.com.np/fashion-girls-accessories/?page=,15  ,Girls Accessories
https://www.daraz.com.np/mens-clothing/?page=,102 , Clothing
https://www.daraz.com.np/mens-bags/?page=,55, Mens Bags
https://www.daraz.com.np/mens-shoes/?page=,102 ,Shoes
https://www.daraz.com.np/men-accessories/?page=,74, Accessories
https://www.daraz.com.np/fashion-boys/?page=,30, Boys Fashion
https://www.daraz.com.np/clothing-men-underwear/?page=,34 ,Mens Underwear
https://www.daraz.com.np/mens-watches/?page=,102 ,Mens Watches
https://www.daraz.com.np/womens-watches/?page=,98 ,Womens Watches
https://www.daraz.com.np/kids-watches-wsj/?page=,13, Kids Watches
https://www.daraz.com.np/sunglasses/?page=,102, Sunglasses
https://www.daraz.com.np/eyeglasses/?page=,49,  Eyeglasses
https://www.daraz.com.np/womens-jewellery/?page=,102,  Women Fashion Jewellery
https://www.daraz.com.np/mens-jewellery/?page=,40  ,Men Fashion Jewellery
https://www.daraz.com.np/mens-sports/?page=,55, Men Shoes and Clothing
https://www.daraz.com.np/womens-sports/?page=,26 ,Women Shoes and Clothing
https://www.daraz.com.np/outdoor-activities/?page=,102 ,Outdoor Recreation
https://www.daraz.com.np/exercise-fitness/?page=,84, Exercise and Fitness
https://www.daraz.com.np/water-sports/?page=,18 , Water Sports
https://www.daraz.com.np/racket-sports/?page=,23, Racket Sports
https://www.daraz.com.np/team-sports/?page=,35 ,Team Sports
https://www.daraz.com.np/sports-water-bottles/?page=,29 ,Water Bottles
https://www.daraz.com.np/travels/?page=,98 ,Travel and Luggage
https://www.daraz.com.np/sp-nutrition/?page=,2 ,Sports Nutrition
https://www.daraz.com.np/automotive/?page=,102, Automotive
https://www.daraz.com.np/motorcycle/?page=,91, Motorcycles
https://www.daraz.com.np/automotive-exterior-vehicle-care/?page=,14, Auto Care
https://www.daraz.com.np/car-electronics-accessories/?page=,7 ,Auto Electronics
https://www.daraz.com.np/motorcycle-parts-spares/?page=,34 ,Moto Parts and Accessories
https://www.daraz.com.np/motorcycle-riding-gear/?page=,48, Motorcycle Riding Gear
https://www.daraz.com.np/motorcycle-helmets/?page=,27, Helmets
https://www.daraz.com.np/motorcycle-gloves/?page=,13, Gloves
https://www.daraz.com.np/interior-accessories/?page=,102, Interior Accessories
https://www.daraz.com.np/engine-oils-fluids/?page=,12, Auto Oils and Fluids
https://www.daraz.com.np/wheels-tires/?page=,9 , Auto Tires and Wheels
https://www.daraz.com.np/car-care-lubricants/?from=onesearch_category_3257&item_id=103346231&page=,2, Lubricants